contract_id,members,pdc_diabetes_avg,pdc_statin_avg,supd_rate
H1234,3,0.21866666666666668,0.10933333333333334,0.6666666666666666
